name,accuracy,precision,recall,f1,miou,size_mb,inference_ms,year,category,dicta_compliant
EfficientFireNet (2022),0.921,0.908,0.913,0.91,,24.5,18.2,2022,Classification SOTA Methods,False
FireResNet (2023),0.934,0.928,0.931,0.929,,31.2,22.8,2023,Classification SOTA Methods,False
YOLO-Fire (2024),0.947,0.941,0.944,0.942,,45.7,28.4,2024,Classification SOTA Methods,False
UNet-Fire (2022),,,,,0.768,28.3,35.6,2022,Segmentation SOTA Methods,False
DeepLab-Fire (2023),,,,,0.791,41.8,42.1,2023,Segmentation SOTA Methods,False
SegFireNet (2024),,,,,0.815,36.4,31.7,2024,Segmentation SOTA Methods,False
ThermalFusion-Net (2023),0.952,0.947,0.949,0.948,0.832,52.1,38.4,2023,Multimodal SOTA Methods,False
CrossModal-Fire (2024),0.961,0.957,0.959,0.958,0.847,47.6,34.9,2024,Multimodal SOTA Methods,False
DICTA Shared Backbone,0.942,0.782,0.7649,0.7734,0.8296,1.7483,10.05,2026,DICTA Shared Backbone (Ours),True
